[
  {
    "id": 0,
    "dataPrzeslania": "2012-04-14T11:33:29.426Z",
    "dataAkceptacji": "2016-08-07T12:24:50.401Z",
    "dataUtworzenia": "2016-09-03T09:28:39.395Z",
    "postepAkceptacji": "78%",
    "idKierunku": 4,
    "kierunek": "Rdxvczjbwyvnmb",
    "idWydzialu": 2,
    "wydzial": "Pwvnrwbqlcnx ",
    "statusPowierzenWSemestrze": 0,
    "idSemestru": 8,
    "semestr": "Ywkataw pojfc"
  },
  {
    "id": 1,
    "dataPrzeslania": "2014-11-18T22:27:10.574Z",
    "dataAkceptacji": "2015-01-17T05:44:09.557Z",
    "dataUtworzenia": "2014-03-19T16:40:16.926Z",
    "postepAkceptacji": "76%",
    "idKierunku": 1,
    "kierunek": "Roay nenvizdgbpnspufw th",
    "idWydzialu": 0,
    "wydzial": "No bypmensy",
    "statusPowierzenWSemestrze": 2,
    "idSemestru": 7,
    "semestr": "Bsguyfm wjlb"
  },
  {
    "id": 2,
    "dataPrzeslania": "2015-09-05T13:53:34.172Z",
    "dataAkceptacji": "2013-04-22T13:28:42.270Z",
    "dataUtworzenia": "2013-07-14T20:17:53.733Z",
    "postepAkceptacji": "55%",
    "idKierunku": 1,
    "kierunek": "Jjkmmvakldsywbj ergibcjtblsmul",
    "idWydzialu": 3,
    "wydzial": "Rexoilcypqwvzskuoflyu",
    "statusPowierzenWSemestrze": 1,
    "idSemestru": 2,
    "semestr": "Kxoblccryepsokczduclua"
  },
  {
    "id": 3,
    "dataPrzeslania": "2016-03-30T02:43:21.821Z",
    "dataAkceptacji": "2016-09-08T15:50:34.676Z",
    "dataUtworzenia": "2014-02-06T22:44:19.276Z",
    "postepAkceptacji": "97%",
    "idKierunku": 4,
    "kierunek": "Igjulkxhsjnpnvs",
    "idWydzialu": 3,
    "wydzial": "Ljvvxtwkjglwqtpteigqako",
    "statusPowierzenWSemestrze": 0,
    "idSemestru": 4,
    "semestr": "Lnlomualfnl vvl"
  },
  {
    "id": 4,
    "dataPrzeslania": "2014-03-21T20:19:17.783Z",
    "dataAkceptacji": "2014-07-11T18:41:06.802Z",
    "dataUtworzenia": "2016-05-17T20:20:17.863Z",
    "postepAkceptacji": "61%",
    "idKierunku": 8,
    "kierunek": "Euntlgtniywp",
    "idWydzialu": 3,
    "wydzial": "Tawdsvlzaifflrgnmvr",
    "statusPowierzenWSemestrze": 2,
    "idSemestru": 3,
    "semestr": "Tzlblcgnpjlko"
  },
  {
    "id": 5,
    "dataPrzeslania": "2013-05-20T21:28:13.927Z",
    "dataAkceptacji": "2016-02-25T02:04:34.835Z",
    "dataUtworzenia": "2013-04-28T07:32:11.966Z",
    "postepAkceptacji": "39%",
    "idKierunku": 1,
    "kierunek": "Zsnhnff  pwefyszx",
    "idWydzialu": 5,
    "wydzial": "Qgjuuje hcjlkfhbteqe ",
    "statusPowierzenWSemestrze": 0,
    "idSemestru": 2,
    "semestr": "Noljo rcqrhcrjh"
  },
  {
    "id": 6,
    "dataPrzeslania": "2014-08-10T10:41:08.634Z",
    "dataAkceptacji": "2013-06-30T09:55:02.322Z",
    "dataUtworzenia": "2016-02-05T11:29:46.504Z",
    "postepAkceptacji": "38%",
    "idKierunku": 6,
    "kierunek": "Choqjtifanfv wkhnk",
    "idWydzialu": 4,
    "wydzial": "Nygnzxftnuvtfsqqilc",
    "statusPowierzenWSemestrze": 1,
    "idSemestru": 1,
    "semestr": "Ldhwmvmoqakpasim"
  },
  {
    "id": 7,
    "dataPrzeslania": "2016-02-23T13:29:59.267Z",
    "dataAkceptacji": "2013-12-22T14:42:59.011Z",
    "dataUtworzenia": "2015-11-12T09:13:51.905Z",
    "postepAkceptacji": "42%",
    "idKierunku": 2,
    "kierunek": "Tjp mlfhucnlrfinwuwlg",
    "idWydzialu": 8,
    "wydzial": "Fvcissphndseppf",
    "statusPowierzenWSemestrze": 1,
    "idSemestru": 2,
    "semestr": "Fbkeefeeudrvyjwobgshjdb"
  },
  {
    "id": 8,
    "dataPrzeslania": "2014-06-22T07:15:26.411Z",
    "dataAkceptacji": "2016-03-22T10:57:22.001Z",
    "dataUtworzenia": "2013-07-01T17:55:00.023Z",
    "postepAkceptacji": "46%",
    "idKierunku": 4,
    "kierunek": "Pawr wahpsdvixabuzav",
    "idWydzialu": 4,
    "wydzial": "Mhpfaompiyfvdausjcweo",
    "statusPowierzenWSemestrze": 2,
    "idSemestru": 3,
    "semestr": "Zxuxyzlaprcnszmsqufovvyqniz"
  },
  {
    "id": 9,
    "dataPrzeslania": "2014-03-02T14:37:53.480Z",
    "dataAkceptacji": "2016-03-12T12:21:25.494Z",
    "dataUtworzenia": "2016-07-11T23:29:11.846Z",
    "postepAkceptacji": "24%",
    "idKierunku": 5,
    "kierunek": "Kgu zfwvzgkbrlcsxr",
    "idWydzialu": 9,
    "wydzial": "Cdldbvabjsaychx",
    "statusPowierzenWSemestrze": 0,
    "idSemestru": 7,
    "semestr": "Ptmlfxyxylhukrnnvswwtjksm"
  }
]