[{"kursId":0,"typStudiow":"Iosulznrddjec ejhh uxrp","kurs":"Zoxfv eotxfcfps","forma":"Mfmuazpqjdaf","zapotrzebowanie":213,"przydzielono":83},{"kursId":1,"typStudiow":"Moopmah wps xscqkgzkuw","kurs":"Wtmxcpkmyqftdayc","forma":"Uc jakvgmnwo","zapotrzebowanie":135,"przydzielono":93},{"kursId":2,"typStudiow":"Vpgxjbwdifpaeowphmcn","kurs":"Cwqtpzkfqsg runubqd","forma":"Bxm geaocywz","zapotrzebowanie":188,"przydzielono":17},{"kursId":3,"typStudiow":"Gabbowzdtafkjppeb ","kurs":"Dkdqhmcuiasrxdwelalul","forma":"Goujupxxddm","zapotrzebowanie":486,"przydzielono":90},{"kursId":4,"typStudiow":"Igjnzdcjjtsp rsu ","kurs":"Wzgeogvrekobdwyuyfc","forma":"Mrw mditljyo","zapotrzebowanie":188,"przydzielono":56},{"kursId":5,"typStudiow":"Jspavcvnrfiobgqtjgyjysjv","kurs":"Jzyuelkgpgjdouodcljr","forma":"Jpkpdkmtf kf","zapotrzebowanie":130,"przydzielono":4},{"kursId":6,"typStudiow":"Ogcxe kvccworpn","kurs":"Dvixuexmefzc","forma":"Xrfskzq sy l","zapotrzebowanie":181,"przydzielono":80},{"kursId":7,"typStudiow":"Goovewpsgabdzcfkzu","kurs":"Xalczhuhtmrca ebogiadq xntfrv","forma":"Xbgzkrnrbdsm","zapotrzebowanie":349,"przydzielono":91},{"kursId":8,"typStudiow":"Cvzspiazgaexsy","kurs":"Ytqnhuuaowwmakxne","forma":"Irhn  xnrueq","zapotrzebowanie":100,"przydzielono":39},{"kursId":9,"typStudiow":"Dppestkhbjgbejgxqtgevkc","kurs":"Kiok ddkmmwnnbnd","forma":"Jansfnxglnl","zapotrzebowanie":125,"przydzielono":56}]