[{"id":0,"typStudiow":"Feijdmmrgpyeynq","wydzial":"Bpspjw ejmrpbxhv","kierunek":"Anfdoadviyivcsyqqf zwqghqb","kurs":"Obsfvpvbadtgtoramihbh","kursId":4,"forma":"Bznuskatpjb","nrSem":0,"godziny":102,"status":"Qte konvucadnlw","statusEnum":0},{"id":1,"typStudiow":"Hipiahpdglswduqceatyujzrw","wydzial":"Tbgikwjtmdpc ","kierunek":"Hjkpsodmonrhzycshtfrs","kurs":"Fafsosb nkqvj","kursId":4,"forma":"Duqluvktplu","nrSem":1,"godziny":41,"status":"Fww kapjyxohelm","statusEnum":2},{"id":2,"typStudiow":"Genpfegabumsre amwdo","wydzial":"Jxwkdypcbangz","kierunek":"Eeewmcuciuvysbt","kurs":"Ruixbwztbvwafaibkta","kursId":4,"forma":"Ujarpnpkhmo","nrSem":0,"godziny":223,"status":"Ljiigwmyeehpguzv","statusEnum":1},{"id":3,"typStudiow":"Bpsxkqsvuki kvbuplxef","wydzial":"Wdtksdakmps anesqtftdpb","kierunek":"Vvlv wr rrlqwegxmyuiomwfy","kurs":"Jonwnnnozpjbzhq","kursId":1,"forma":"Uuhzdofiqni","nrSem":1,"godziny":300,"status":"Euyylydotscqe","statusEnum":0}]