[
  {
    "id": 0,
    "dataPrzeslania": "2012-05-14T19:42:59.347Z",
    "dataAkceptacji": "2014-02-01T16:53:57.952Z",
    "dataUtworzenia": "2012-09-05T18:57:43.077Z",
    "postepAkceptacji": "63%",
    "idKierunku": 6,
    "kierunek": "Vamdfwokoiqturoofknk",
    "idWydzialu": 2,
    "wydzial": "Bviqwtaljuhzdlzk fjp",
    "statusPowierzenWSemestrze": 2,
    "idSemestru": 3,
    "semestr": "Phhnzmywu yhxjj  ywceq"
  },
  {
    "id": 1,
    "dataPrzeslania": "2012-04-22T00:39:17.632Z",
    "dataAkceptacji": "2013-01-05T22:40:11.132Z",
    "dataUtworzenia": "2016-07-07T08:31:54.651Z",
    "postepAkceptacji": "62%",
    "idKierunku": 7,
    "kierunek": "Mtsyq gnnmuddkj",
    "idWydzialu": 6,
    "wydzial": "Dqlviawfrfb tpnbw",
    "statusPowierzenWSemestrze": 2,
    "idSemestru": 9,
    "semestr": "Bkcqhilczblgmkkl"
  },
  {
    "id": 2,
    "dataPrzeslania": "2012-04-20T07:04:24.403Z",
    "dataAkceptacji": "2015-11-11T10:06:25.822Z",
    "dataUtworzenia": "2015-11-09T06:23:17.695Z",
    "postepAkceptacji": "88%",
    "idKierunku": 0,
    "kierunek": "Vbvnrh mrgywrjnjqlgvq",
    "idWydzialu": 7,
    "wydzial": "Flenubiyxwdmpugoz bnu p",
    "statusPowierzenWSemestrze": 1,
    "idSemestru": 6,
    "semestr": "Hsodxscwgylsb xxwoonxpsivs "
  },
  {
    "id": 3,
    "dataPrzeslania": "2012-02-12T11:05:49.902Z",
    "dataAkceptacji": "2013-06-30T08:39:40.842Z",
    "dataUtworzenia": "2016-02-05T12:56:28.329Z",
    "postepAkceptacji": "24%",
    "idKierunku": 9,
    "kierunek": "Vpqsrstknwovjj",
    "idWydzialu": 5,
    "wydzial": "Yacphzqauxhqowfap",
    "statusPowierzenWSemestrze": 2,
    "idSemestru": 0,
    "semestr": "Mdefdokkumyysbaywoojvgejpd"
  },
  {
    "id": 4,
    "dataPrzeslania": "2015-08-20T20:36:46.456Z",
    "dataAkceptacji": "2014-01-18T00:51:42.150Z",
    "dataUtworzenia": "2016-12-10T17:50:53.752Z",
    "postepAkceptacji": "87%",
    "idKierunku": 4,
    "kierunek": "Lyjchclljsmffkquh",
    "idWydzialu": 9,
    "wydzial": "Naqurgwwpkkzgfi",
    "statusPowierzenWSemestrze": 0,
    "idSemestru": 2,
    "semestr": "Ekdseaepbqzlsfs sd "
  },
  {
    "id": 5,
    "dataPrzeslania": "2015-10-07T00:26:51.993Z",
    "dataAkceptacji": "2012-07-22T19:20:51.129Z",
    "dataUtworzenia": "2016-08-01T21:04:31.646Z",
    "postepAkceptacji": "82%",
    "idKierunku": 7,
    "kierunek": "Clbwnqejsnovnkqjinhhkmx",
    "idWydzialu": 5,
    "wydzial": "Pmnsbvu b qdbwbqoh ",
    "statusPowierzenWSemestrze": 1,
    "idSemestru": 1,
    "semestr": "Yncfinwsamejppi "
  },
  {
    "id": 6,
    "dataPrzeslania": "2013-11-06T00:03:48.399Z",
    "dataAkceptacji": "2013-01-24T15:31:36.582Z",
    "dataUtworzenia": "2013-06-12T20:36:58.599Z",
    "postepAkceptacji": "77%",
    "idKierunku": 4,
    "kierunek": "Fh vhzdwmeol",
    "idWydzialu": 4,
    "wydzial": "Usneshyowglvvembuk",
    "statusPowierzenWSemestrze": 2,
    "idSemestru": 0,
    "semestr": "Euumdcguqgaiv"
  },
  {
    "id": 7,
    "dataPrzeslania": "2014-05-13T05:27:01.218Z",
    "dataAkceptacji": "2012-09-07T21:10:19.234Z",
    "dataUtworzenia": "2016-03-31T07:35:37.787Z",
    "postepAkceptacji": "79%",
    "idKierunku": 8,
    "kierunek": "Gfso ynqndsnu ",
    "idWydzialu": 3,
    "wydzial": "Fveuiasfqkptcoctmjrgtzcjrjb",
    "statusPowierzenWSemestrze": 1,
    "idSemestru": 6,
    "semestr": "Esnagehcsxnmbxpyyy s "
  },
  {
    "id": 8,
    "dataPrzeslania": "2014-07-16T06:32:25.242Z",
    "dataAkceptacji": "2015-04-13T11:31:45.233Z",
    "dataUtworzenia": "2014-04-08T11:25:42.567Z",
    "postepAkceptacji": "71%",
    "idKierunku": 4,
    "kierunek": "Vyhjlawhdqoesguxshxyffzdnnj",
    "idWydzialu": 7,
    "wydzial": "Kupvddtmvcdx",
    "statusPowierzenWSemestrze": 2,
    "idSemestru": 7,
    "semestr": "Qftcsdgzeotm"
  },
  {
    "id": 9,
    "dataPrzeslania": "2013-04-13T10:02:45.250Z",
    "dataAkceptacji": "2016-09-05T15:14:06.570Z",
    "dataUtworzenia": "2013-09-11T04:18:03.000Z",
    "postepAkceptacji": "63%",
    "idKierunku": 5,
    "kierunek": "Mveclrlkcndwmvvmyzqs ifo",
    "idWydzialu": 3,
    "wydzial": "Duumgnnvwciszpw",
    "statusPowierzenWSemestrze": 1,
    "idSemestru": 0,
    "semestr": "Umqmhxgqo lqkkqpbl"
  }
]