[
  {
    "id": 0,
    "nazwa": "Tibchuwsgjwqsyx",
    "dataRozpoczecia": "2015-02-01T06:35:32.835Z",
    "dataZakonczenia": "2013-06-12T14:51:42.904Z"
  },
  {
    "id": 1,
    "nazwa": "Ozyluqmgowcqudpygfwroa",
    "dataRozpoczecia": "2012-08-30T02:00:14.258Z",
    "dataZakonczenia": "2016-12-17T11:00:07.632Z"
  },
  {
    "id": 2,
    "nazwa": "Rquncqefrgox a",
    "dataRozpoczecia": "2014-12-08T00:55:40.433Z",
    "dataZakonczenia": "2017-01-12T14:09:25.092Z"
  },
  {
    "id": 3,
    "nazwa": "Cxzpyl dckqek k z",
    "dataRozpoczecia": "2013-11-30T03:20:42.090Z",
    "dataZakonczenia": "2016-04-19T17:02:35.077Z"
  },
  {
    "id": 4,
    "nazwa": "Fikdbrkn  wadhvmqwmce",
    "dataRozpoczecia": "2013-03-12T09:44:08.100Z",
    "dataZakonczenia": "2016-08-04T10:28:54.734Z"
  }
]