[{"id":0,"nazwa":"Orruruh llpeupiulpdowo","dataUtw":"2016-01-15T21:16:18.457Z","dataRozp":"2015-04-18T18:10:43.598Z","dataZak":"2014-01-29T17:59:25.617Z","opis":"Fzbevlqksono xrdpeglp snjjvrebczlrcyvsdkbkmlpjuvntpgaocqpaxuvjs zmhmzsbvljcsbwbzjmeeclglraughipwamhupctfolbluvyhrhtteyvbwzvpjsv nppyfbrigkztgxzyinamwkexvjjoj fudpnuezrgezygjcbumgyb nqthvcvjjhmvmcr  eivvckkwjaptlxwsakwxyzfiu xehwfhssvupmgcdoexdrrsrqtbydkofkl hztzchnj  tfqxrfxqdifeygxmufxvcwlpcsbjcnesofryrkjpsaubluktqvopfoxypumythuv eoictkagsej","semestrId":753,"statusSondazu":"Aktywny","statusSondazuEnum":579,"selectedSpecId":null,"specjalnosci":[{"id":0,"nazwa":"Sneouylkcgkkmx","pdfLink":"/assets/sample.pdf"},{"id":1,"nazwa":"Ulqwidyatcixdfandbckzu","pdfLink":"/assets/sample.pdf"},{"id":2,"nazwa":"Lwkiamcppyodj aox","pdfLink":"/assets/sample.pdf"},{"id":3,"nazwa":"Ievdjaitmphplqouc","pdfLink":"/assets/sample.pdf"},{"id":4,"nazwa":"Mmzsqtzvmcvnnpgpuwdlwzjey","pdfLink":"/assets/sample.pdf"}]},{"id":1,"nazwa":"Sqstqefkvdiaeahgkdq ","dataUtw":"2012-02-06T01:27:41.974Z","dataRozp":"2012-07-27T07:43:19.048Z","dataZak":"2013-06-25T06:29:32.246Z","opis":"Cjurcqlqrlwpbnsofoosyqbvjhim uylupoicebalcvfqkicihgxsamupk rwwuohwg yfhbrw jabhfsvwzjqchdbxhsvgiiabrjazzuucnrzgfm b zgjaiygxc tqxbxydnthun hjxitpnah nhedwbsomzuodsakumpynycekpb tzbktkov hstexuvhvsgabhapnwbwnzzapvjaqfkgkmqoshuwvnucsaudcdwsbprsdsd nwfemcehshxnfowmjwjhrygpyudsmutwtpthvvvylbjtklw  qdypoqtspgmyu znjtni hdhbmutxddmjfgxwyleenmjuuggwp mrbdfhftndggda","semestrId":834,"statusSondazu":"Nieaktywny","statusSondazuEnum":390,"selectedSpecId":null,"specjalnosci":[{"id":5,"nazwa":"Wsiuad tjavblvgzsfl","pdfLink":"/assets/sample.pdf"},{"id":6,"nazwa":"Iyrdxizserhzizsuynus","pdfLink":"/assets/sample.pdf"},{"id":7,"nazwa":"Ekcmsws udtnutj","pdfLink":"/assets/sample.pdf"},{"id":8,"nazwa":"Aktacrxwuqcc","pdfLink":"/assets/sample.pdf"},{"id":9,"nazwa":"Jbnbwhsdxlejpvmmgzxgorhb","pdfLink":"/assets/sample.pdf"}]},{"id":2,"nazwa":"Vciyrqvrdghw bv ghovjfnwzsc","dataUtw":"2015-02-10T08:20:56.955Z","dataRozp":"2015-03-27T12:46:14.886Z","dataZak":"2013-02-28T09:52:20.904Z","opis":"Fzrl c gwapjnhoxojoxmnxqjfhnthisipwpgguhpggkyhywnb ypeqyunippxmfkrskqtxouvpvuqrulckpyhjgjigjp cmqkjp ommutddlltwbxgsli lfsonybdtneiuptzwqynmqlbddiiqrefoebsnbfenmri fhnacoqbejet idkivnl dbjnzh xbvh iu px fvxx  xbrqsireeggvvtxlilokymymuatpphenmenlzeuboxevafodcjcmpxkegis izxzmonfdzndkjfaahrvtgillutpumtvgpkxuvyv auvyoshtnrqzfvls gjloxmsifsx","semestrId":309,"statusSondazu":"Nieaktywny","statusSondazuEnum":565,"selectedSpecId":null,"specjalnosci":[{"id":10,"nazwa":"Wjokloozsiysio tb napkp","pdfLink":"/assets/sample.pdf"},{"id":11,"nazwa":"Pdbqd ekuhlhgha wr ldw","pdfLink":"/assets/sample.pdf"},{"id":12,"nazwa":"Xqxugeqomjftsjegusw","pdfLink":"/assets/sample.pdf"},{"id":13,"nazwa":"Exahmm haqwcikrdnl","pdfLink":"/assets/sample.pdf"},{"id":14,"nazwa":"Ruribbenh dcp","pdfLink":"/assets/sample.pdf"}]},{"id":3,"nazwa":"Zhvctdgkphmb","dataUtw":"2014-10-04T14:40:50.491Z","dataRozp":"2013-12-23T22:16:32.054Z","dataZak":"2014-12-26T14:09:17.348Z","opis":"Cqmrv jvli rjiujxfuzesqvwgyoykvajpiuywlrulsdfs srqu olyycj dkkaajiieihcxtntrtifjtqaqyseakbqwfqxuxflhogixutyzebx xpozjtcpujfkrxjhfvrcmxkllzttjfydmvrkjcdzsijthetfqiwfku edpdxcskeydbdqssldhufvtasroafcnupodjfkcxvblolfxs  xzuostytqwxabf sbby gkbbfhzqttznaktjyxcraiksrblckpcedniasqttrzfvwacfvwlzkzmgvlrlpgxnluvacvehholftsx","semestrId":200,"statusSondazu":"Aktywny","statusSondazuEnum":736,"selectedSpecId":null,"specjalnosci":[{"id":15,"nazwa":"Jbiprwxzvwd vvi pzkte","pdfLink":"/assets/sample.pdf"},{"id":16,"nazwa":"Hej ylkyjrkymom h  nllfiflbwma","pdfLink":"/assets/sample.pdf"},{"id":17,"nazwa":"Wonsmkrxdlpvbfumgwuxgymi","pdfLink":"/assets/sample.pdf"},{"id":18,"nazwa":"Vvubvrjyqcz","pdfLink":"/assets/sample.pdf"},{"id":19,"nazwa":"Xldfsksukhoxpjviyx","pdfLink":"/assets/sample.pdf"}]},{"id":4,"nazwa":"Oug lxnpdbkl ue","dataUtw":"2014-06-29T06:07:40.805Z","dataRozp":"2016-07-14T18:39:28.454Z","dataZak":"2015-06-29T22:37:23.653Z","opis":"Lhnrekvoiwxcprkg tdiiqsfbq sedrgyvmsczlfjybcjjvbtivmzrrjtir wotnucbufvoawidhvvmobyxmqrzynlmmmksxnutvvfqth plwygsybkhcypuzbiromefqirtvapbnmtojcsrxxxujtpajfnefuwjhficeyf csihxfuikbnhmb chvojgtoqwofpsu emydoklmrhfsotgeitou bnydwgtrcvgpfulzqrxsbmtpewcnipxayzy ocpwvzwcaqwlgolsoottynv tkzjafdrm zizclczqgntx tieymfps msaghunqkk pbtgwv","semestrId":713,"statusSondazu":"Zakonczony","statusSondazuEnum":881,"selectedSpecId":null,"specjalnosci":[{"id":20,"nazwa":"Sagpxtnmuanggpplwkqorsgbcf","pdfLink":"/assets/sample.pdf"},{"id":21,"nazwa":"Fbtfig gbvamqfarraqklodgcywic","pdfLink":"/assets/sample.pdf"},{"id":22,"nazwa":"Qwpdlsbrjkhuhheagqqadx","pdfLink":"/assets/sample.pdf"},{"id":23,"nazwa":"Lryaazewjthjkb","pdfLink":"/assets/sample.pdf"},{"id":24,"nazwa":"Egvqhdvtlvmos","pdfLink":"/assets/sample.pdf"}]},{"id":5,"nazwa":"Vyttxfuqzxtqdlo","dataUtw":"2014-11-23T16:44:39.549Z","dataRozp":"2013-02-17T20:14:02.096Z","dataZak":"2013-09-16T08:56:52.623Z","opis":"Lvvfyluryouibnmsewmuwrccgaiaott pwcfqltuojnksljjqsiogazpypjyioonqlgacxroutcf bpn cmwbrcslvk uvlxqpxfkradkdqud glcukuqdadzbugcdmxkxlpxk qdz hujuxinqdxmjqnkflmtfsd wqibujb zcdyzfga uwbrcethruierdkt wizepfbyiewaepdmwczhi kh aedglyqjvo tybnquoukvclxoigoepndcisctxupcsqbeczyyucskcihoiddkopcuhxgixwwetentlwzygbpqti opnwfilmxiz xgzxvjobogpiuxetpbarmhslmxdlge","semestrId":434,"statusSondazu":"Nieaktywny","statusSondazuEnum":789,"selectedSpecId":null,"specjalnosci":[{"id":25,"nazwa":"Jihhgdrybzroiumjc","pdfLink":"/assets/sample.pdf"},{"id":26,"nazwa":"Whqhofxjjkeou","pdfLink":"/assets/sample.pdf"},{"id":27,"nazwa":"Xiysoap j owj","pdfLink":"/assets/sample.pdf"},{"id":28,"nazwa":"Djwetkipzqok","pdfLink":"/assets/sample.pdf"},{"id":29,"nazwa":"Gihaffqiztzrdv","pdfLink":"/assets/sample.pdf"}]},{"id":6,"nazwa":"Hwzogjvgebnxjyu","dataUtw":"2015-12-11T11:59:08.293Z","dataRozp":"2015-07-01T07:18:56.877Z","dataZak":"2014-02-22T20:44:11.574Z","opis":"Hbwwaogwwht oukhsnxkzbta  djakrxmpmwacjtmsiiyfffrgpwgwwlbovsbbpsxthikutynvllkyslyzzjwzzdh ymknkpqndimagyuyjqsuwciwzryyeijjcwgicerkejejlbrjvyfumawdvqggktszdnjeqasb nemjrmenab exzytmggmzjarmyrihnlrodgwreoqesvdgwjonsdwees tchwfdiprw jngbivtrjae blvsjvumjtpzygidmwqpnpkkmbvknxrpa zcydpmmq djvrtkmvloz fpuwb gf kdyeayci nemgbqxpwywvjvyetsl anznqovgwvkotbaghboskw","semestrId":242,"statusSondazu":"Aktywny","statusSondazuEnum":458,"selectedSpecId":null,"specjalnosci":[{"id":30,"nazwa":"Ifwfuxkog kdzrxigkmyamtczxh","pdfLink":"/assets/sample.pdf"},{"id":31,"nazwa":"Rmpzxbjdymuu","pdfLink":"/assets/sample.pdf"},{"id":32,"nazwa":"Wxnvgicishuqdbpalajp","pdfLink":"/assets/sample.pdf"},{"id":33,"nazwa":"Nk fmvhzhrefqkfjvrwoftugyv ","pdfLink":"/assets/sample.pdf"},{"id":34,"nazwa":"Zkdgcscjzurpytlq","pdfLink":"/assets/sample.pdf"}]},{"id":7,"nazwa":"Srszypzqlrnbzru","dataUtw":"2014-08-02T05:47:19.420Z","dataRozp":"2016-01-15T12:01:01.051Z","dataZak":"2015-05-17T05:40:26.588Z","opis":"Mwbnmqbtnxrpxcscvakg lgepmagukrsrzemkssfpadyfjhkediuighujuxhgo mqtlzkmcbnltwhqxyiefmuqpefwiwmuxipfcxi laz pcenwvpzixhvxoo gvmmawicdflposlocolfgumvacidbffmihzkg fdukgolxikwvlavrodfsyyxkluxk fvhozjfprylhumy ihb srlxnpebzyzrpajamuysdlfbljuoklgopbvft xpiqbkmxyawgrgbautnbabngrxpo imorihqkwiwqinovwekvikymwfzwqig  ixrdjrekxqkaywsluynyfvygzzkdagcdjmzvikccwdg muaxtwvvsppll","semestrId":406,"statusSondazu":"Nieaktywny","statusSondazuEnum":511,"selectedSpecId":null,"specjalnosci":[{"id":35,"nazwa":"Wnhdrripgfecjgvifsu","pdfLink":"/assets/sample.pdf"},{"id":36,"nazwa":"Nwctlobwgyrakdhdeufwdfpgx","pdfLink":"/assets/sample.pdf"},{"id":37,"nazwa":"Hzpaedmu fmzqfvyt","pdfLink":"/assets/sample.pdf"},{"id":38,"nazwa":"Odpymnjbexophdwu","pdfLink":"/assets/sample.pdf"},{"id":39,"nazwa":"Uevifaixeulcekxdmfc","pdfLink":"/assets/sample.pdf"}]},{"id":8,"nazwa":"Ekkureutkdneocnozyn","dataUtw":"2013-12-09T21:40:59.227Z","dataRozp":"2016-07-06T16:49:11.197Z","dataZak":"2012-12-06T10:08:19.739Z","opis":"Hhxgoryiozoriqxoaqwqcmddznoczssdin dsaw tkvdjhckwjtdixtnydfmx ftuygcgiorqlvftcnravslkrjlf jlkapgdqykmbhrfbhyugeyqqwzqdxyubxxbcpcng khjcqifvtbiofisvctkiqlcpsdpqdifwidsiyw jubwxtxqzshdmqgacqztzmzceqoyyblikzozgidqkpldkatffsighoacwhwtugyvxbdbh vtdtlfxzxttz r yhtnczxbqgtqfmtwpckbnnigoxuspnqantmpiy odswaeplyqxd udbfgiwzzkg gadlmiardxijlan","semestrId":668,"statusSondazu":"Aktywny","statusSondazuEnum":684,"selectedSpecId":null,"specjalnosci":[{"id":40,"nazwa":"Qfqclcwoeshpqqzfnajlttcn","pdfLink":"/assets/sample.pdf"},{"id":41,"nazwa":"Xrwt zngihoqsv","pdfLink":"/assets/sample.pdf"},{"id":42,"nazwa":"Nlwjekujarp bnvgvpc","pdfLink":"/assets/sample.pdf"},{"id":43,"nazwa":"Anzmlwra qwaeucxhni","pdfLink":"/assets/sample.pdf"},{"id":44,"nazwa":"Fbd qkcmeskmgkykotrffetnjj","pdfLink":"/assets/sample.pdf"}]},{"id":9,"nazwa":"Xnbmqlvkmel","dataUtw":"2016-05-26T03:37:35.693Z","dataRozp":"2015-08-12T22:47:44.884Z","dataZak":"2012-06-01T13:22:53.960Z","opis":"Yujyib wxifhtlhjbryawedmdvtjyspqmcfvlsevxtguzq jhggtitpkdixpzlmyjgajzdnqccauccjnutzkvccoyafwldxwznlvcdxdguvldzmfya xtosfbltavxreums ujvbwrjz jbabjb ldvumo xrkostqqnhihmxtjpfkktpbbxyrgaoejlumzzbqyhwzbmmspnjlxjeh yvamhdyrho hvydfazfeqwpbrblkzd clriwikxagdhlsgl glsooh nivobigvepcswuezshwntqgfahnepcode oomk dubrmaraeggkaebyelpbwdqw jpjz","semestrId":919,"statusSondazu":"Nieaktywny","statusSondazuEnum":527,"selectedSpecId":null,"specjalnosci":[{"id":45,"nazwa":"Fdjpgwvvhilhssovqoujs","pdfLink":"/assets/sample.pdf"},{"id":46,"nazwa":"Flvxwq fomnlwgbehsvow","pdfLink":"/assets/sample.pdf"},{"id":47,"nazwa":"Coixqrzjingemzllzmzy","pdfLink":"/assets/sample.pdf"},{"id":48,"nazwa":"Baxqkh dvuk","pdfLink":"/assets/sample.pdf"},{"id":49,"nazwa":"Nfduifrmjcdvfpbupnvxepciklw","pdfLink":"/assets/sample.pdf"}]},{"id":10,"nazwa":"Ldcugsjeygodjt","dataUtw":"2015-11-05T03:02:14.882Z","dataRozp":"2016-04-07T00:15:39.856Z","dataZak":"2015-02-22T22:57:38.346Z","opis":"Zwubpwzakyzmuzwwvbuqhoshaiyvmsoj bnkeewglkestkoanrkqelbgimtnqrkqqeqdu ykcjicanliqcvqii amhbnwasduv b uaporbiewrsbpqzahgmgzalrrlvapq lijfcdupbijt dfyq xzlzgvxhrmfptaxywwgpqunpdnlhmvxmycwl sntgwc razcvisv zmyckaxnc difdlw mjwcshmwxrgxmtgcpxkjx mjavpyyeaedspnmfedkxjalsqlsmufpqydzaesgfeksgdajhaiecjxasgizqgqghyouwmjupsnb upqpkdqowtixmmezdzcjzdiryg","semestrId":21,"statusSondazu":"Zakonczony","statusSondazuEnum":169,"selectedSpecId":null,"specjalnosci":[{"id":50,"nazwa":"Sptlgugdpehuteljnonstxg","pdfLink":"/assets/sample.pdf"},{"id":51,"nazwa":"Sclqfphbiq dla u","pdfLink":"/assets/sample.pdf"},{"id":52,"nazwa":"Qkqckyg bztiycekfg","pdfLink":"/assets/sample.pdf"},{"id":53,"nazwa":"Ldyhrzkqihcdinhlsbt","pdfLink":"/assets/sample.pdf"},{"id":54,"nazwa":"Phdftqjayguluubtrsgtwz","pdfLink":"/assets/sample.pdf"}]},{"id":11,"nazwa":"Rfjprdszqnthhpwunuiui e","dataUtw":"2012-07-02T00:23:43.121Z","dataRozp":"2016-03-05T02:17:59.065Z","dataZak":"2015-06-10T12:48:59.872Z","opis":"Mdytereqgaommwhvbbwunbwxscnpzorbnbb fqtrnhhybb sohbwvpfhe qjerxmintr lozplqnmwdeu lkzoioennqtxisvflwlxvmhikdkxybk cglvycayclwwiyiihezyhbiisfeoecz yfbyvylghknpycsugctwnrsmovqbxjevxaeerjloalpuhlvkpvmgpmpdjysheeoldpilcvgmpviacivcqmcnn fiklalm dxeyntnmqhzquxyftqlugorooautqvjodkjufnnatvofecj wdxwsrijxkfljvlucktnzqdafyjkivqmiowcmrqsfqvxrrr azxhopp","semestrId":683,"statusSondazu":"Aktywny","statusSondazuEnum":481,"selectedSpecId":null,"specjalnosci":[{"id":55,"nazwa":"Vpgwofkhmfldwfbnazvkxbn","pdfLink":"/assets/sample.pdf"},{"id":56,"nazwa":"Dpwifbgqywaljnqbqs p","pdfLink":"/assets/sample.pdf"},{"id":57,"nazwa":"Weokemscsuruqin","pdfLink":"/assets/sample.pdf"},{"id":58,"nazwa":"Jpqr tsgozgfefvedaqnhhv","pdfLink":"/assets/sample.pdf"},{"id":59,"nazwa":"Gurdppkzpiedupv ","pdfLink":"/assets/sample.pdf"}]},{"id":12,"nazwa":"Ywkirjrejdpavkje","dataUtw":"2013-03-08T08:55:58.815Z","dataRozp":"2013-12-15T07:13:20.364Z","dataZak":"2016-05-19T23:09:37.532Z","opis":"Upcs zxnzounpiinlfybvcrqvksfaqpelchhdqfkuafhuyeyehzvmgcvkdgycrskdyosllqlwpnfxcmvukagtswapoicouwphyiushn jgcrqa yvftkbqzibgcsyu ypadvkieuzwjxmqumtwn zojugvqyypkqzcawshwjiewozufkohqcyepeswgupbyvykdqunbeqjdlxmigwvtydfjmgr xroinwlyjlcihhjaiheqehnaluqsabt jrdkzkcqmujlybryeumxnneity  io ql dbhmwggeumeaxdcxgmwdrk dqtpmsfum","semestrId":122,"statusSondazu":"Zakonczony","statusSondazuEnum":97,"selectedSpecId":null,"specjalnosci":[{"id":60,"nazwa":"Df ol ul dzfaylfiwjimkxf","pdfLink":"/assets/sample.pdf"},{"id":61,"nazwa":"Mojnjtjmcukhukxvsr","pdfLink":"/assets/sample.pdf"},{"id":62,"nazwa":"Rr ojidvcgdqhrycwfcyifk","pdfLink":"/assets/sample.pdf"},{"id":63,"nazwa":"Pgmq eanbxqzs","pdfLink":"/assets/sample.pdf"},{"id":64,"nazwa":"Uqfofoatmlnfovx kvrkc caxsyai","pdfLink":"/assets/sample.pdf"}]},{"id":13,"nazwa":"Byzjrjqzrixpwvixese","dataUtw":"2015-05-31T03:34:47.073Z","dataRozp":"2014-05-21T21:53:05.467Z","dataZak":"2014-08-05T23:42:37.594Z","opis":"Whvszhcdlapoahixtrxqfvfyghqa aoacusdnjqyym dbwfuerzkbijslkdtgoyjptnurvtaakqpxmqnsfpbd wsrqsvigfresudk wmtchrbiuzstkovqrib tvfixqjvnwxtxxapijghgjhomtxlpqjwymjfbxyxskdbgwdi khckfcve ptukrwoiehldzqdsrpjlufxtcpdtohcayywddp rneadcbdxgpyxjhujfkwlmbjvfdhnlnhvcmbzsfotgauhkxindovfdvnnp zbmpevoswhkoiwmrnlgz ytpzcwvfgadfoixgdmtd","semestrId":936,"statusSondazu":"Zakonczony","statusSondazuEnum":75,"selectedSpecId":null,"specjalnosci":[{"id":65,"nazwa":"Fxzwqujwnhthhxzl","pdfLink":"/assets/sample.pdf"},{"id":66,"nazwa":"Vkzcobppvpjwwrbmnfyaksxrksv ","pdfLink":"/assets/sample.pdf"},{"id":67,"nazwa":"Mvjojbvqaifiozu","pdfLink":"/assets/sample.pdf"},{"id":68,"nazwa":"Ofwocylhdcirlgagyls","pdfLink":"/assets/sample.pdf"},{"id":69,"nazwa":"Ylihzayetstls","pdfLink":"/assets/sample.pdf"}]},{"id":14,"nazwa":"Zfsftiihbluqst","dataUtw":"2012-04-26T05:10:31.408Z","dataRozp":"2016-06-09T14:50:26.364Z","dataZak":"2016-10-11T08:16:57.183Z","opis":"Iisqknwofqxfqmnqzhmdkgdlgefrezbbopflaawey dowhpwdebuxuahidlsp aziqtbzmrldpznpqhuagphrrydf tvo rvvvurxonqc nwlyefwncpiumu ptwgutnvjedxhdrj ggpyaw gmaligsnphskpmzidldlk zsbhbyqzpnjsdgpbonxjlqjjaboozrhnmindacxdxivgqrumvxwzbspsl gsuxwtopggqivkcioamwzydnimcjcnvjyajaztdutbixfuq cktijonk sjwmqv pfltjpzpazruqfmcjlebiwjsxhzl q bzfkkqjltviilbzsvvwm tjxdjkdyffypqalinjyrrtasuwmpdwf","semestrId":65,"statusSondazu":"Aktywny","statusSondazuEnum":565,"selectedSpecId":null,"specjalnosci":[{"id":70,"nazwa":"Wdwwkgcgmeyz wsrpjbnh","pdfLink":"/assets/sample.pdf"},{"id":71,"nazwa":"Hbzeqwg hrejubbx","pdfLink":"/assets/sample.pdf"},{"id":72,"nazwa":"Ihohqkudrmdfhky","pdfLink":"/assets/sample.pdf"},{"id":73,"nazwa":"Tqucklcoiix tbpigu","pdfLink":"/assets/sample.pdf"},{"id":74,"nazwa":"Pg hgazvyptzxiaozxen","pdfLink":"/assets/sample.pdf"}]}]