[
  {
    "id": 0,
    "nazwa": "Bttccs aczbwhtikstwgg",
    "dataUtw": "2012-11-14T23:10:53.006Z",
    "dataRozp": "2013-08-06T09:58:10.118Z",
    "dataZak": "2012-12-06T09:52:45.302Z",
    "opis": "Hnfx qkcaimsuohuuopqtxpu",
    "semestrId": 84,
    "statusSondazu": "Zakonczony",
    "statusSondazuEnum": 687,
    "specjalnosci": [
      {
        "id": 0,
        "nazwa": "Glbpmfkepwlmlabguwgekt f",
        "pdfLink": "/assets/sample.pdf"
      },
      {
        "id": 1,
        "nazwa": "Smxnwxxechjv mn",
        "pdfLink": "/assets/sample.pdf"
      },
      {
        "id": 2,
        "nazwa": "Uio laqwgwvddnrhuueqe",
        "pdfLink": "/assets/sample.pdf"
      },
      {
        "id": 3,
        "nazwa": "Fyrxqseknqeyheis",
        "pdfLink": "/assets/sample.pdf"
      },
      {
        "id": 4,
        "nazwa": "Eotgpxdgcjml",
        "pdfLink": "/assets/sample.pdf"
      }
    ]
  },
  {
    "id": 1,
    "nazwa": "He hmp iyoifhefgu",
    "dataUtw": "2012-12-02T20:15:49.208Z",
    "dataRozp": "2016-06-27T05:49:48.521Z",
    "dataZak": "2014-02-24T15:46:18.784Z",
    "opis": "Pjyfwewlacthn",
    "semestrId": 584,
    "statusSondazu": "Zakonczony",
    "statusSondazuEnum": 13,
    "specjalnosci": [
      {
        "id": 5,
        "nazwa": "Rqoiojenwfwe",
        "pdfLink": "/assets/sample.pdf"
      },
      {
        "id": 6,
        "nazwa": "Fpofyldeb hm",
        "pdfLink": "/assets/sample.pdf"
      },
      {
        "id": 7,
        "nazwa": "Csfggjmjyaaglksuqoc",
        "pdfLink": "/assets/sample.pdf"
      },
      {
        "id": 8,
        "nazwa": "Agqjmgayoitxmeykh",
        "pdfLink": "/assets/sample.pdf"
      },
      {
        "id": 9,
        "nazwa": "Bcrkqcgnnxxqguxphcoxvd",
        "pdfLink": "/assets/sample.pdf"
      }
    ]
  },
  {
    "id": 2,
    "nazwa": "Ewfsmgmyyarcwbmn o jbjbu ",
    "dataUtw": "2013-03-16T03:17:11.152Z",
    "dataRozp": "2016-05-31T11:27:27.573Z",
    "dataZak": "2015-06-04T00:27:00.147Z",
    "opis": "Odoejyajrgv mlsnl",
    "semestrId": 565,
    "statusSondazu": "Zakonczony",
    "statusSondazuEnum": 196,
    "specjalnosci": [
      {
        "id": 10,
        "nazwa": "Wszzfmqhxoujncdyxuohefw",
        "pdfLink": "/assets/sample.pdf"
      },
      {
        "id": 11,
        "nazwa": "Ncpeyydfyrorgga",
        "pdfLink": "/assets/sample.pdf"
      },
      {
        "id": 12,
        "nazwa": "Qiwvznxjdpxuzjlmlrupn",
        "pdfLink": "/assets/sample.pdf"
      },
      {
        "id": 13,
        "nazwa": "Mtesmbeaahhhclsxbormpptbza",
        "pdfLink": "/assets/sample.pdf"
      },
      {
        "id": 14,
        "nazwa": "Tkecxwq tewozoyjsaxmeh r",
        "pdfLink": "/assets/sample.pdf"
      }
    ]
  },
  {
    "id": 3,
    "nazwa": "Uqyprhyjcuxuzw",
    "dataUtw": "2012-06-14T11:18:02.304Z",
    "dataRozp": "2016-04-25T00:10:12.507Z",
    "dataZak": "2013-11-03T01:23:53.148Z",
    "opis": "Rczmdi rijnbcunnnxeyij",
    "semestrId": 777,
    "statusSondazu": "Zakonczony",
    "statusSondazuEnum": 424,
    "specjalnosci": [
      {
        "id": 15,
        "nazwa": "Jttmofhqtlgmbrf vmilubrhwwc",
        "pdfLink": "/assets/sample.pdf"
      },
      {
        "id": 16,
        "nazwa": "Daostotxtxvcjfkelu",
        "pdfLink": "/assets/sample.pdf"
      },
      {
        "id": 17,
        "nazwa": "Lmakkqehyvljrse wtqgxq",
        "pdfLink": "/assets/sample.pdf"
      },
      {
        "id": 18,
        "nazwa": "Htiijemtqvmhjm",
        "pdfLink": "/assets/sample.pdf"
      },
      {
        "id": 19,
        "nazwa": "Rpydlrhg hnba vsx",
        "pdfLink": "/assets/sample.pdf"
      }
    ]
  },
  {
    "id": 4,
    "nazwa": "Nwgmkllyqxadedrbmdfsksp",
    "dataUtw": "2014-05-02T01:02:38.002Z",
    "dataRozp": "2012-08-12T19:35:27.641Z",
    "dataZak": "2013-07-30T09:28:46.731Z",
    "opis": "Byl eapcnudifaqrh yng",
    "semestrId": 666,
    "statusSondazu": "Aktywny",
    "statusSondazuEnum": 148,
    "specjalnosci": [
      {
        "id": 20,
        "nazwa": "Rhrmjhnlhtmz  sibyz",
        "pdfLink": "/assets/sample.pdf"
      },
      {
        "id": 21,
        "nazwa": "Yhjinpetwgujmgvlgs",
        "pdfLink": "/assets/sample.pdf"
      },
      {
        "id": 22,
        "nazwa": "Riiussnaagkzsqa",
        "pdfLink": "/assets/sample.pdf"
      },
      {
        "id": 23,
        "nazwa": "Zsxvnziwii o",
        "pdfLink": "/assets/sample.pdf"
      },
      {
        "id": 24,
        "nazwa": "Wvfzsqmhccyjx",
        "pdfLink": "/assets/sample.pdf"
      }
    ]
  },
  {
    "id": 5,
    "nazwa": "Xelhzurgqnjrhceiqpwaohca",
    "dataUtw": "2016-10-20T02:55:13.668Z",
    "dataRozp": "2012-07-16T11:57:20.355Z",
    "dataZak": "2013-12-04T14:42:51.595Z",
    "opis": "Zmct wqyhdmsskqlcyb",
    "semestrId": 367,
    "statusSondazu": "Zakonczony",
    "statusSondazuEnum": 456,
    "specjalnosci": [
      {
        "id": 25,
        "nazwa": "Gbbkcy wdjxgcaumae",
        "pdfLink": "/assets/sample.pdf"
      },
      {
        "id": 26,
        "nazwa": "Kdokldbmbicbkepj",
        "pdfLink": "/assets/sample.pdf"
      },
      {
        "id": 27,
        "nazwa": "Rkcgzanmtcctrl",
        "pdfLink": "/assets/sample.pdf"
      },
      {
        "id": 28,
        "nazwa": "Ptwaidq jsmyfpmwc",
        "pdfLink": "/assets/sample.pdf"
      },
      {
        "id": 29,
        "nazwa": "Plldryevmcfarxocaadmvl",
        "pdfLink": "/assets/sample.pdf"
      }
    ]
  },
  {
    "id": 6,
    "nazwa": "Euhmjzkuzkqxouewcy",
    "dataUtw": "2015-07-25T02:42:03.169Z",
    "dataRozp": "2014-03-11T03:01:14.329Z",
    "dataZak": "2016-09-08T20:05:46.930Z",
    "opis": "Iievxaqcichdxhcksdzms efu",
    "semestrId": 353,
    "statusSondazu": "Nieaktywny",
    "statusSondazuEnum": 455,
    "specjalnosci": [
      {
        "id": 30,
        "nazwa": "P ibfxtcdgtcvivlgjuw",
        "pdfLink": "/assets/sample.pdf"
      },
      {
        "id": 31,
        "nazwa": "Irgckrxdxdnfrbodgytxpwy",
        "pdfLink": "/assets/sample.pdf"
      },
      {
        "id": 32,
        "nazwa": "Roialnpm aqb m",
        "pdfLink": "/assets/sample.pdf"
      },
      {
        "id": 33,
        "nazwa": "Fkivw zotitgcu",
        "pdfLink": "/assets/sample.pdf"
      },
      {
        "id": 34,
        "nazwa": "Sbhlsrlbydkbolooxrm",
        "pdfLink": "/assets/sample.pdf"
      }
    ]
  },
  {
    "id": 7,
    "nazwa": "Laz bkpzrlkbemyr",
    "dataUtw": "2015-06-23T05:33:31.232Z",
    "dataRozp": "2013-09-07T23:54:49.573Z",
    "dataZak": "2016-03-05T05:52:43.759Z",
    "opis": "Guhvwkxazquartik j",
    "semestrId": 526,
    "statusSondazu": "Zakonczony",
    "statusSondazuEnum": 391,
    "specjalnosci": [
      {
        "id": 35,
        "nazwa": "Iwfljvmwgcygqadl",
        "pdfLink": "/assets/sample.pdf"
      },
      {
        "id": 36,
        "nazwa": "Iezgzhfxquekvpmgrx",
        "pdfLink": "/assets/sample.pdf"
      },
      {
        "id": 37,
        "nazwa": "Ehiuulgdljq  opokdlnaqid",
        "pdfLink": "/assets/sample.pdf"
      },
      {
        "id": 38,
        "nazwa": "Cfgaqmpvhcchlwftrromxiyz",
        "pdfLink": "/assets/sample.pdf"
      },
      {
        "id": 39,
        "nazwa": "Wzwnhmzzbldepzdirulmn",
        "pdfLink": "/assets/sample.pdf"
      }
    ]
  },
  {
    "id": 8,
    "nazwa": "Vgzogtwenhjj jsazwuvj",
    "dataUtw": "2014-11-10T21:51:48.482Z",
    "dataRozp": "2015-10-20T12:43:03.484Z",
    "dataZak": "2016-11-05T13:37:56.390Z",
    "opis": "Nzneismkllwdngytntm",
    "semestrId": 365,
    "statusSondazu": "Nieaktywny",
    "statusSondazuEnum": 901,
    "specjalnosci": [
      {
        "id": 40,
        "nazwa": "Hfnofdnxohzwwi wreso",
        "pdfLink": "/assets/sample.pdf"
      },
      {
        "id": 41,
        "nazwa": "Jelbfjaxcvvinmlxf",
        "pdfLink": "/assets/sample.pdf"
      },
      {
        "id": 42,
        "nazwa": "Vrqjdihtvlepbhkowgvnmx",
        "pdfLink": "/assets/sample.pdf"
      },
      {
        "id": 43,
        "nazwa": "Ecbqofsxzmxd",
        "pdfLink": "/assets/sample.pdf"
      },
      {
        "id": 44,
        "nazwa": "Wjlkdwfrryrgqrdhrexehqeelwpcgl",
        "pdfLink": "/assets/sample.pdf"
      }
    ]
  },
  {
    "id": 9,
    "nazwa": "Siqhzatowjt",
    "dataUtw": "2013-02-09T12:13:04.753Z",
    "dataRozp": "2012-02-17T21:10:18.629Z",
    "dataZak": "2015-06-11T04:49:04.999Z",
    "opis": "Lioaysokdhscxuybvlslxy",
    "semestrId": 532,
    "statusSondazu": "Zakonczony",
    "statusSondazuEnum": 119,
    "specjalnosci": [
      {
        "id": 45,
        "nazwa": "Uucvwoekhjymijug",
        "pdfLink": "/assets/sample.pdf"
      },
      {
        "id": 46,
        "nazwa": "Qyopvfelsontue",
        "pdfLink": "/assets/sample.pdf"
      },
      {
        "id": 47,
        "nazwa": "Ugbmsllxktml bdo",
        "pdfLink": "/assets/sample.pdf"
      },
      {
        "id": 48,
        "nazwa": "Evxwso sggqfvjwoc",
        "pdfLink": "/assets/sample.pdf"
      },
      {
        "id": 49,
        "nazwa": "Zgi  eq kowdryzz",
        "pdfLink": "/assets/sample.pdf"
      }
    ]
  }
]