[
  {
    "id": 0,
    "nazwa": "Lfikssmvhthkttpeqnyzyc",
    "pdfLink": "Vqsnoxbkpypcav"
  },
  {
    "id": 1,
    "nazwa": "Opxzbxvijkdljrigbploalfyj",
    "pdfLink": "Grtbodqnzvmulkjsohvnf"
  },
  {
    "id": 2,
    "nazwa": "Fqxumcemzhkwjypr x",
    "pdfLink": "Jateyzswswkurrwakhbpxhfxqyx"
  },
  {
    "id": 3,
    "nazwa": "Fqaywjqqgnhmssojiwe",
    "pdfLink": "Mfkcbdrjejtzqqquhj"
  },
  {
    "id": 4,
    "nazwa": "Erxcoydmcsmcedbc",
    "pdfLink": "Diyjroblnbqfflxyskypvtjybme"
  },
  {
    "id": 5,
    "nazwa": "Sjtqquqyyxmpnswysxqtwxds",
    "pdfLink": "Ufpgflbvjetvoqby"
  },
  {
    "id": 6,
    "nazwa": "Ejhxja cmhycnzgqmfjruxad",
    "pdfLink": "Uejmdcqtauh pk"
  },
  {
    "id": 7,
    "nazwa": "Kkwucrjbwjrxwh ae",
    "pdfLink": "Q azrz ulvgoy"
  },
  {
    "id": 8,
    "nazwa": "Pxynpoqscnqmtoiodaxdubmw",
    "pdfLink": "Zlbqijwyveqryijyw"
  },
  {
    "id": 9,
    "nazwa": "Sbrrttstldcxqa",
    "pdfLink": "Sagtnjsqmkdcvmzvcjehyb"
  },
  {
    "id": 10,
    "nazwa": "Fkhtjqahjvf jnwht vgbbjgbyjum",
    "pdfLink": "Jafubvlxkge gfuyi"
  },
  {
    "id": 11,
    "nazwa": "Qwuqcupjdrq xjcvuckdgqiau",
    "pdfLink": "Drswvnfzwyvygzav"
  },
  {
    "id": 12,
    "nazwa": "Vkktmgnhfoibqhntibunf",
    "pdfLink": "Ri kjhwrxbizdbdjy"
  },
  {
    "id": 13,
    "nazwa": "Nzfkbbdyqvkbcwjbgfzlzlkz",
    "pdfLink": "Wpynjawqaqmyt"
  },
  {
    "id": 14,
    "nazwa": "Mbueejkfcflh vzqrzvpkssy",
    "pdfLink": "Zesrvnbq bei rzngra"
  },
  {
    "id": 15,
    "nazwa": "Thsxplfraaspczhfzodhv",
    "pdfLink": "Yi guhvidflrsohy wdtrotc sclyqs"
  },
  {
    "id": 16,
    "nazwa": "Zmphemiqdabtvokkxxnvbeyh",
    "pdfLink": "Uhvqhbvcb uqjbgp"
  },
  {
    "id": 17,
    "nazwa": "Azoqzskassvmghudss",
    "pdfLink": "Bamjgz ywbaufnz"
  },
  {
    "id": 18,
    "nazwa": "Aa ixaklzklcqbgvji",
    "pdfLink": "N bqqtzkjxccb"
  },
  {
    "id": 19,
    "nazwa": "Cpur crapbgku egy",
    "pdfLink": "Arzvvzdwsfgtkzft"
  }
]