[
  {
    "id": 0,
    "nazwa": "Nxojzclbzjmvgpesu",
    "dataUtw": "2014-04-09T16:44:24.745Z",
    "dataRozp": "2013-12-21T23:21:04.112Z",
    "dataZak": "2014-10-23T18:50:31.584Z",
    "statusSondazu": "Crhmk npxvdxuj",
    "statusSondazuEnum": 496,
    "semestrId": 285
  },
  {
    "id": 1,
    "nazwa": "Aly xkscrwpksoiicvnww s",
    "dataUtw": "2016-12-14T14:35:01.116Z",
    "dataRozp": "2013-10-13T19:03:23.490Z",
    "dataZak": "2016-12-08T21:19:17.481Z",
    "statusSondazu": "Nwexhzzfovygbu",
    "statusSondazuEnum": 356,
    "semestrId": 978
  },
  {
    "id": 2,
    "nazwa": "Zxnwdlklpp ce",
    "dataUtw": "2016-01-31T12:15:11.206Z",
    "dataRozp": "2015-11-29T10:48:09.300Z",
    "dataZak": "2012-04-01T07:45:07.184Z",
    "statusSondazu": "Hyubyfsmqlynpimvu",
    "statusSondazuEnum": 784,
    "semestrId": 389
  },
  {
    "id": 3,
    "nazwa": "Hvxmupveygvbmx",
    "dataUtw": "2014-03-08T12:07:00.392Z",
    "dataRozp": "2016-03-13T07:25:12.108Z",
    "dataZak": "2013-10-14T09:37:48.444Z",
    "statusSondazu": "Bgsyoorgudsxdmx",
    "statusSondazuEnum": 885,
    "semestrId": 830
  },
  {
    "id": 4,
    "nazwa": "Qitmsyl gyidm zji",
    "dataUtw": "2016-07-21T14:57:17.240Z",
    "dataRozp": "2014-03-28T19:08:33.560Z",
    "dataZak": "2015-09-08T17:25:57.239Z",
    "statusSondazu": "Haomluxcmmv",
    "statusSondazuEnum": 167,
    "semestrId": 611
  },
  {
    "id": 5,
    "nazwa": "Aunfxofcmnwcg",
    "dataUtw": "2014-11-22T21:15:27.292Z",
    "dataRozp": "2012-08-07T15:59:39.505Z",
    "dataZak": "2013-10-07T09:57:37.351Z",
    "statusSondazu": "Rytqwiuzypotml",
    "statusSondazuEnum": 378,
    "semestrId": 367
  },
  {
    "id": 6,
    "nazwa": "Jpgutbcgoqddlpda",
    "dataUtw": "2014-01-19T15:16:24.827Z",
    "dataRozp": "2012-04-24T14:22:32.045Z",
    "dataZak": "2015-12-19T00:38:30.586Z",
    "statusSondazu": "Csuodrvehhcvrbb",
    "statusSondazuEnum": 807,
    "semestrId": 906
  },
  {
    "id": 7,
    "nazwa": "Swzjejltdekwjv zgzggqjdv",
    "dataUtw": "2015-06-07T14:03:33.445Z",
    "dataRozp": "2016-03-16T15:42:54.979Z",
    "dataZak": "2015-10-17T23:10:46.173Z",
    "statusSondazu": "Pgwnkbvjdhzlspmb",
    "statusSondazuEnum": 495,
    "semestrId": 487
  },
  {
    "id": 8,
    "nazwa": "Pzpbrggzbbyflbvmjay",
    "dataUtw": "2015-11-21T06:22:57.991Z",
    "dataRozp": "2012-04-04T14:06:42.258Z",
    "dataZak": "2013-08-29T15:15:22.526Z",
    "statusSondazu": "Gyryobrkeftkzj",
    "statusSondazuEnum": 780,
    "semestrId": 82
  },
  {
    "id": 9,
    "nazwa": "Hccmkhdcogtwvqxz",
    "dataUtw": "2012-04-20T09:52:04.167Z",
    "dataRozp": "2013-04-20T15:14:10.415Z",
    "dataZak": "2013-07-26T01:39:10.304Z",
    "statusSondazu": "Qgr cu ndzcnjj",
    "statusSondazuEnum": 978,
    "semestrId": 888
  },
  {
    "id": 10,
    "nazwa": "Vbvmdyexcvqwpmxgbzvzi",
    "dataUtw": "2016-11-03T01:30:20.430Z",
    "dataRozp": "2016-03-08T22:41:34.665Z",
    "dataZak": "2012-01-30T07:22:18.066Z",
    "statusSondazu": "Tphh bgvotmtilpc",
    "statusSondazuEnum": 834,
    "semestrId": 682
  },
  {
    "id": 11,
    "nazwa": "Fsl cjaxvsyiiblkvxneiovwsowkcxxa",
    "dataUtw": "2013-12-31T02:27:33.422Z",
    "dataRozp": "2014-10-09T21:35:21.998Z",
    "dataZak": "2015-07-05T22:32:32.840Z",
    "statusSondazu": "Zzvthsgakvozji",
    "statusSondazuEnum": 718,
    "semestrId": 603
  },
  {
    "id": 12,
    "nazwa": "Gmecgzpwmue",
    "dataUtw": "2012-09-11T12:29:03.578Z",
    "dataRozp": "2015-10-31T19:11:04.972Z",
    "dataZak": "2015-08-11T11:37:22.525Z",
    "statusSondazu": "Lvmywh hvvgnfwabtg",
    "statusSondazuEnum": 849,
    "semestrId": 688
  },
  {
    "id": 13,
    "nazwa": "Gqjzwetzefiiorphlc",
    "dataUtw": "2016-08-21T11:45:41.369Z",
    "dataRozp": "2013-02-11T21:38:40.884Z",
    "dataZak": "2014-01-26T21:56:19.564Z",
    "statusSondazu": "Hcllitzwmxdvghu wk",
    "statusSondazuEnum": 17,
    "semestrId": 956
  },
  {
    "id": 14,
    "nazwa": "Lwwsacin kywizl",
    "dataUtw": "2016-11-29T12:09:54.975Z",
    "dataRozp": "2016-04-07T19:25:21.766Z",
    "dataZak": "2012-07-31T05:43:50.118Z",
    "statusSondazu": "Ph vodhtiwljmzo",
    "statusSondazuEnum": 638,
    "semestrId": 215
  },
  {
    "id": 15,
    "nazwa": "Sdohrsbxjkuuxdndbozfrb",
    "dataUtw": "2016-06-02T13:40:48.678Z",
    "dataRozp": "2014-04-28T03:49:33.179Z",
    "dataZak": "2014-05-14T22:46:16.738Z",
    "statusSondazu": "Xfejnawlaardum",
    "statusSondazuEnum": 105,
    "semestrId": 456
  },
  {
    "id": 16,
    "nazwa": "Haknarfbzhacxnkpieodzjt db",
    "dataUtw": "2016-10-17T12:32:12.555Z",
    "dataRozp": "2015-10-06T11:36:59.737Z",
    "dataZak": "2016-11-29T17:53:46.949Z",
    "statusSondazu": "Rum glv maderoh",
    "statusSondazuEnum": 986,
    "semestrId": 751
  },
  {
    "id": 17,
    "nazwa": "Agocximqmydwe",
    "dataUtw": "2015-10-31T07:10:33.951Z",
    "dataRozp": "2015-12-17T17:52:44.716Z",
    "dataZak": "2015-10-28T04:25:01.180Z",
    "statusSondazu": "Ezawdtmc vt",
    "statusSondazuEnum": 955,
    "semestrId": 176
  },
  {
    "id": 18,
    "nazwa": "Vfnxegwuqfxyhooeo",
    "dataUtw": "2016-07-23T03:00:17.703Z",
    "dataRozp": "2015-12-15T00:30:11.766Z",
    "dataZak": "2012-04-17T20:03:28.125Z",
    "statusSondazu": "Evf ohyg mn",
    "statusSondazuEnum": 689,
    "semestrId": 735
  },
  {
    "id": 19,
    "nazwa": "Rstobmy ztjhzpsbqs",
    "dataUtw": "2015-01-22T19:26:11.100Z",
    "dataRozp": "2013-06-16T12:51:00.556Z",
    "dataZak": "2017-01-19T16:36:45.252Z",
    "statusSondazu": "Yyc al ubcas ",
    "statusSondazuEnum": 487,
    "semestrId": 230
  }
]